,0,1,2,3,4,5
0,0.0,0.0,0.0,0.0,0.0,0.0
1,-3.2938164104731977,-3.299942014604428,-3.3656049852929892,-3.385923429504977,9.610896892498529,-3.653189061402679
2,-1.367820293871359,-1.6012756964529395,-1.4931729561562743,-1.3089167016210788,14.11759678396704,-1.6841819027274945
3,-2.725094595158435,-2.2996156691913714,-2.813369386848533,-2.389129904250426,10.724855533663531,-2.7840938310198773
4,-6.516754450053867,-6.517425723675667,-6.514128428191242,-6.517556946204853,-6.5673490237582595,-6.547877409818424
5,0.0,0.0,0.0,0.0,0.0,0.0
6,-6.82385194383035,-6.826083357485867,-6.826468224596938,-6.825909862863977,-6.86723451784894,-6.871354545804239
7,-5.161661831997367,-5.162063034411867,-5.157266268292797,-5.162233126428862,-5.184592845531857,-5.1847257449001605
8,-2.604289408191415,-3.516467465663066,-3.526053865360162,-3.516845832450072,-3.588995253841007,-3.5879061500702822
9,-5.315235880610383,-5.795036232466047,-5.795946982252574,-5.795485333289447,-5.880523048440563,-5.879377502130047
10,0.0,0.0,0.0,0.0,0.0,0.0
11,-4.466331830412105,-5.09524865235399,-5.091532508329804,-5.095636774387757,-5.182880258570706,-5.184559740597343
12,-5.978954094271196,-5.983373972013861,-5.980241555686873,-5.983662510623355,-5.980344809539151,-5.9805837521194904
13,-4.8184579403693935,-4.820100360691818,-4.818785858629945,-4.819998754277667,-4.886542007687404,-4.8876230117140995
14,-6.094360144072457,-6.0961811311412895,-6.095033869156059,-6.095580291327127,-6.169057677434108,-6.179832905963219
15,0.0,0.0,0.0,0.0,0.0,0.0
16,1.492288043209091,1.2651738651949427,-0.005208838563796851,1.2771714146598523,0.7571011844788308,19.999999999999737
17,10.727420735741024,-2.4756370033507906,-2.659235356405471,-2.4565346735656073,-2.6443668305726598,-2.1741285263128427
18,15.27136482030846,-0.8484284131116973,-1.0117476916317851,-0.21298804453669193,-0.9752285339808408,-0.9805777327849253
19,11.847120852295772,-1.860308900434963,-2.0968262278830134,-1.7605375412446667,-2.027911477911014,-1.811191203557586
20,0.0,0.0,0.0,0.0,0.0,0.0
21,-3.8671225036816828,-3.863485628215629,-3.8635012516363263,-0.2119159882570938,-3.9906795072010306,-3.891634654430379
22,-1.9913153987998096,-1.9801105077473835,-1.9801345786462008,4.351318133103007,-1.998101139515655,-1.9974074094169019
23,-3.294108544361267,-3.2945872045124123,-3.279619819813217,1.387641748445898,-3.288859937561809,-3.2883743701082992
24,-6.413728854217993,-6.415289287810342,-6.413785605001987,-6.419030891290203,-6.427634121932084,-6.467300998731664
25,0.0,0.0,0.0,0.0,0.0,0.0
26,-6.714532761983573,-6.723545528876989,-6.723245508703432,-6.723823410999412,-6.770503129769745,-6.768774113964426
27,-4.907778234640189,-5.0482828796562895,-5.048248694964305,-5.046823672987666,-5.08537191718677,-5.084648555531566
28,-2.6140259895919,-3.613190569608989,-3.613047440671019,-3.6126220079722486,-3.683677238658716,-3.6801105487813306
29,-5.667364468296367,-5.898773797236858,-5.89905659245899,-5.898206691953707,-5.9776230834560895,-5.979860355622602
30,0.0,0.0,0.0,0.0,0.0,0.0
31,-4.730927810409622,-5.199839880035364,-5.19992379181085,-5.20054339320522,-5.2828647804280155,-5.278831306160519
32,-5.504454957193454,-5.870741697917823,-5.87072486898511,-5.864464594545749,-5.880338724330634,-5.881265242383757
33,-4.334559604220223,-4.677040717731291,-4.677295900246914,-4.67697669042873,-4.688118778483628,-4.686746408948227
34,-5.859483233987008,-6.002140064373153,-6.0022334059090845,-6.003094636624694,-6.078347189531464,-6.075944053318912
35,0.0,0.0,0.0,0.0,0.0,0.0
36,-0.0200979901,-0.023102620617389515,-0.019999000000000003,1.907623178288627,-0.1,-0.1
37,-2.1237638081766645,-2.185630174412677,-2.1857805765363314,-2.1954163759101055,-2.197206214644342,-2.1976216144857807
38,-0.8374700901652431,-0.8365235091358212,-0.8365109613337807,-0.5386273024176449,-0.8996400839874011,-0.8956062227171995
39,-1.510637748567072,-1.6364458169273794,-1.6362519729337854,-1.6369943975689438,-1.6984328232889967,-1.6986179510260397
40,0.0,0.0,0.0,0.0,0.0,0.0
41,-6.274733653685325,-6.40568739519209,-6.409930250232626,-6.405777588188685,-6.47717930376832,-6.476041678745345
42,-4.0429752185445,-4.361735357517405,-4.364424129239276,-4.362101473947281,-4.387921627683299,-4.38715020701792
43,-5.605307727076623,-5.842543471083463,-5.849456289573496,-5.842594393112912,-5.881764451315531,-5.88244929621786
44,-4.185316250177204,-4.18961031227316,-3.2015335568930894,-4.188612660620911,-4.263764204513375,-4.2613946165434875
45,0.0,0.0,0.0,0.0,0.0,0.0
46,-4.364259821822553,-4.352269864781047,-3.243451799995632,-4.352538723327501,-4.387941746729514,-4.38916737016413
47,-2.7092329230483005,-2.7124105502071334,-0.6963180277507757,-2.7126629992596296,-2.79402842276308,-2.7948461474285935
48,-3.9010975932858387,-4.8677071610448115,-4.866762282026511,-4.866895359377792,-4.876561573449336,-4.886646626638298
49,-6.792813072799909,-7.049114441438993,-7.055042894899505,-7.049386145196047,-7.069536309643765,-7.074175284718081
50,0.0,0.0,0.0,0.0,0.0,0.0
51,-6.067468240882112,-6.4802609690418125,-6.484374880723817,-6.479133372154971,-6.649306109613656,-6.6322225441066704
52,-4.654471221705653,-4.801052131861866,-4.80113443945361,-4.800831227041368,-4.884433602095267,-4.884192308690768
53,-3.0160409161048745,-3.5457906839309397,-3.546925264060926,-3.5457440179663835,-3.688329055893728,-3.6911400053947
54,-4.840475664501991,-4.943547925001039,-4.940507290226543,-4.94282604335721,-4.982108020456389,-4.986450595945058
55,0.0,0.0,0.0,0.0,0.0,0.0
56,-1.500079737423091,-1.5183254231717194,-1.5260612294183196,-1.518430308773934,-1.5979117851363092,-1.5980096580114627
57,-0.1255718305984942,-0.1199340219950508,-0.10852886218103784,-0.1199340219950508,-0.19999,-0.19999
58,-1.6413413980134304,-1.6658896509766108,-1.6683089739736028,-1.6646750582375827,-1.6976452720353352,-1.695545355914263
59,-0.5744033360413945,-0.5684069220540836,-0.5701091747858246,-0.5684069220540836,-0.5998500199985001,-0.5998500199985001
60,0.0,0.0,0.0,0.0,0.0,0.0
61,-6.5818431029346085,-6.602178935141156,-6.6005792741654234,-6.600333700275431,-6.674197266617647,-6.675884667479882
62,-4.128763088335671,-4.523822531089935,-4.524892254531615,-4.529017030290758,-4.573635570444574,-4.583723188388363
63,-5.992441760804444,-6.01196449504806,-6.012895013112599,-6.007140267893029,-6.080674853115698,-6.080943489273084
64,-3.7752794548753728,-3.776825479035557,2.674163718255633,-3.7724260102624787,-3.7896268804878575,-3.8877591056925658
65,0.0,0.0,0.0,0.0,0.0,0.0
66,-3.952830621909312,-3.9498688430211097,2.759145368148806,-3.9607718899615545,-3.9902961477247074,-3.9922098708675757
67,-2.2630788139675877,-2.3323038054096368,6.609557841440739,-2.351712912657673,-2.3960309072294916,-2.3963775705319117
68,-4.523746133216984,-5.048053934563475,-5.058054414141378,-5.05339490602365,-5.081517420922191,-5.083874572309401
69,-7.185946916694333,-7.244366796349068,-7.23950058942764,-7.235495522079818,-7.247061327393263,-7.368414318852855
70,0.0,0.0,0.0,0.0,0.0,0.0
71,-6.521611068247762,-6.657812768190673,-6.653306873369556,-6.651547663483316,-6.6693086243889255,-6.656780400192056
72,-3.6093052639175753,-4.675434313896329,-4.681255664482793,-4.676680646082027,-4.686781306889565,-4.687458295522674
73,-2.3041563300546044,-3.420257107933575,-3.4255427406411934,-3.42412966634896,-3.487469223791223,-3.4921072769573445
74,-3.578971699414458,-4.8197625939864475,-4.816911348220932,-4.815834607787587,-4.984079500224412,-4.885582132529355
75,0.0,0.0,0.0,0.0,0.0,0.0
76,11.846970603918129,-1.4933447571091742,-1.574893889383649,-1.8415088875955408,-1.8665291755488975,-1.9786615818006945
77,-0.03019301020099,-0.029997000100000004,2.648806328008517,-0.030193980499990003,-0.1,-0.1
78,11.846854909304216,-1.8640658890243267,-1.652149855676629,-1.9947492640536584,-1.9625569478732459,-2.002487857906033
79,1.0437827128089094,-0.6578595688017279,-0.6610910318463882,-0.6515609659095958,-0.6970281490271318,-0.7931741643918675
80,0.0,0.0,0.0,0.0,0.0,0.0
81,-6.771895159687461,-6.769619940340486,-6.77025857149122,-6.769082492815769,-6.776514862000749,-6.776472905157243
82,-4.682630321609479,-4.686429737807749,-4.686848480080267,-4.68583676981815,-4.682755351971664,-4.686451764857773
83,-6.168531313641561,-6.162086471124247,-6.1622707662537435,-6.166155374926414,-6.175819461259333,-6.178871484627466
84,-3.2050635875677735,-3.138393978558548,-3.080882109579148,-3.148191023081974,9.599424815047229,-3.2932911964669627
85,0.0,0.0,0.0,0.0,0.0,0.0
86,-3.3747799447458466,-3.255294061709071,-3.1539766388733614,-3.398270450732796,9.596830377444824,-3.328521962854569
87,-1.3683249004103486,-1.5755421465529142,-1.6287238291238941,-1.781628052579751,12.974022589654808,-1.7588979726204803
88,-5.256736410907564,-5.256766453692357,-5.256802950728142,-5.2557580213291315,-5.2841583974332575,-5.2742342364331005
89,-7.435108460333985,-7.429825533744951,-7.429074586869762,-7.429345320277768,-7.466646799207083,-7.470494836690548
90,0.0,0.0,0.0,0.0,0.0,0.0
91,-6.791588219753847,-6.788896645711961,-6.788173037256757,-6.792390040783988,-6.87211174429176,-6.8259807402827875
92,-4.6953918732879485,-4.734217905744447,-4.734420589233375,-4.728842689211904,-4.78447896775238,-4.78350614137017
93,-3.3723943460783032,-3.4588269480160116,-3.458849176909482,-3.454533177401766,-3.4924333242928425,-3.4891870158043274
94,-4.778416588583624,-4.876848049684494,-4.877139177402751,-4.877404281515446,-4.88690280939378,-4.886637730999578
95,0.0,0.0,0.0,0.0,0.0,0.0
96,-2.408585361839031,-2.290432246437167,-2.230797204933585,10.723943196496636,-2.475061229725882,-2.358108540954645
97,1.5461271987424314,1.7885717555136642,1.9490429036176193,0.055428721786650904,0.762987521324847,19.999999999999737
98,-2.575453078300337,-2.3924696536343646,-2.093900695666191,10.723297616171589,-2.671896013834961,-2.4202210377657387
99,14.118104315576193,-0.6679234233038887,-0.6654657259769946,-1.07292658891079,-1.0002079219531834,-0.851219199357634
100,0.0,0.0,0.0,0.0,0.0,0.0
101,-4.0228053803212465,8.4746027766569,-3.8262397508241195,-3.828066822261268,-4.090934444514809,-4.138787605895963
102,-2.128086044606291,12.969794302268195,-2.1225198443689646,-1.7909145732630938,-2.2520612374725104,-2.240606320207838
103,-3.3488306914465222,9.599136415591332,-3.3062442175147475,-3.163397177198972,-3.4733267618208696,-3.460361092294633
104,-6.392643866773407,-6.409489100775555,-6.400802769977626,-6.405342258057637,-6.445990685985856,-6.459038394013158
105,0.0,0.0,0.0,0.0,0.0,0.0
106,-6.670785070402557,-6.673999248734274,-6.670539851279424,-6.676865157881348,-6.7734042945193265,-6.763778626059413
107,-4.695478350690768,-4.948436240815187,-4.946190640919101,-4.943696095728308,-4.984624510952221,-4.987374795180396
108,3.3476197008099176,-3.313295880994976,-3.3172309764313423,-3.3139731485918507,-3.3848082022685575,-3.3931724392257596
109,-0.9221367889479242,-5.547584148548517,-5.550719530669634,-5.54082070904613,-5.581872885458631,-5.580828956266843
110,0.0,0.0,0.0,0.0,0.0,0.0
111,0.5177533362055774,-4.901920250865723,-4.896403115907269,-4.896279779952143,-4.980228774155264,-4.983761679033756
112,-5.795163088797244,-5.799704628289564,-5.560846720179674,-5.795314697988691,-5.881560908024016,-5.8716882597432605
113,-4.016392298521309,-4.629639487380395,-4.612197910218588,-4.625905348747924,-4.688991014581275,-4.689206197178829
114,-5.564485485585259,-5.920013856230522,-5.917374791265389,-5.917877963289797,-5.978951433751794,-5.981240414632016
115,0.0,0.0,0.0,0.0,0.0,0.0
116,1.3811974827070534,18.79999999999969,-0.03038337591751234,1.1587818886664458,0.5701671873273105,0.5789505895041247
117,11.847670226766663,-1.9708412205234438,-2.0749563547893106,-1.8338154196204042,-2.0589976344387004,-2.116211121545327
118,16.43586973964864,-0.27837113725431994,-0.5836791878056966,-0.10522725567080879,-0.3557287364953927,-0.5319309250061433
119,12.977559228405521,-1.555817443445853,-1.468113818417038,-1.165760378413193,-1.4704699426570709,-1.5287449930201058
120,0.0,0.0,0.0,0.0,0.0,0.0
121,-4.359855355728513,-4.353434930666441,-4.3331517336895145,7.197950653523928,-4.375879557543116,-4.4332281036855425
122,-2.4022309136964184,-2.331779521812652,-2.06933667458065,11.797919941635424,-2.4545810555380188,-2.4958320357888506
123,-3.778613958562739,-3.74207929014422,-3.6128814990077003,8.413832246439497,-3.826011266694035,-3.9211634381573215
124,-5.444264254587147,-6.18295136444539,-6.18553205775976,-6.184547556078494,-6.2428409465300785,-6.2041979021200095
125,0.0,0.0,0.0,0.0,0.0,0.0
126,-5.671993469484736,-6.4601752339319685,-6.452325095071835,-6.4598932174509045,-6.469089709800219,-6.474638580249463
127,-2.576821290920317,-4.7395247105383564,-4.734301458549615,-4.738641506935124,-4.784715716778538,-4.788469091615019
128,2.869168798968568,-3.533264267599494,-3.5358932669251764,-3.5286046937292186,-3.5890939154058197,-3.585241902855199
129,-2.2490125034140216,-5.750890398474357,-5.7480168041177135,-5.745027379270222,-5.779970185773844,-5.782419720943766
130,0.0,0.0,0.0,0.0,0.0,0.0
131,-0.3717146234582935,-5.089343521057429,-5.090222156820093,-5.068712640399041,-5.1659564671779,-5.180014240571726
132,-2.103124834016086,-5.639077965946244,-5.635243952580094,-5.639890733291556,-5.669083184290242,-5.759882033585836
133,-0.8678667493664014,-4.420043067078831,-4.4289297186331265,-4.422273466907571,-4.4893222233989665,-4.48667992560443
134,-3.337083679992142,-5.746191299039275,-5.748162078962033,-5.749829056481659,-5.776202764068612,-5.778469017790301
135,0.0,0.0,0.0,0.0,0.0,0.0
136,-0.09468077178442255,-0.09471439427715744,-0.09995501199790026,2.553932388701381,-0.1,-0.1
137,0.6801812988144862,-1.7964703182005277,-1.7839851645164635,-1.7845953597658104,-1.797778182558489,-1.7978783275114616
138,-0.6624239389673714,-0.6720487432391465,-0.667780846167072,0.09882650481161898,-0.6980172089675472,-0.6991055932698961
139,1.8141600928531094,-1.2763781610138039,-1.2896915570990073,-1.274313055244411,-1.2980773677657016,-1.2960213539451573
140,0.0,0.0,0.0,0.0,0.0,0.0
141,-3.794207979504737,-6.127804276435299,-6.120141594251083,-6.124538679654325,-6.180649883637117,-6.180311725268196
142,-0.10500072738381244,-4.072134174052967,-4.078786087128214,-4.074643217581705,-4.085094412476394,-4.086248193244303
143,-2.4440967387603703,-5.54569194473574,-5.54671424681403,-5.5205415169781595,-5.582219084700787,-5.681460156114617
144,-4.56721972899823,-4.560491691246349,-1.9914122138557941,-4.562355762300411,-4.572736081017167,-4.578182271588649
145,0.0,0.0,0.0,0.0,0.0,0.0
146,-4.705184096291619,-4.722427132991669,4.835838174985152,-4.643039310373301,-4.788386185839744,-4.80057692110983
147,-3.072378032357104,-3.063499738574062,9.08845670484788,-3.0521969778579106,-3.1528264265881916,-3.2761981755162743
148,1.5349894762224274,-4.594072666494571,-4.587558526688791,-4.591354009836186,-4.699413017491406,-4.6567631842914965
149,-3.6111249736117395,-6.817635097075341,-6.803587838441038,-6.807308218053483,-6.87154754513661,-6.874581549507319
150,0.0,0.0,0.0,0.0,0.0,0.0
151,-2.228133389939215,-6.199910019383557,-6.2140744193230075,-6.199676017868612,-6.363950132580966,-6.342292255085104
152,-1.6287916910881395,-4.703960427523959,-4.705707146039479,-4.705749573189736,-4.785933119257291,-4.787939788757362
153,1.4030238404796378,-3.4638893036916096,-3.4562537824318533,-3.466770465287523,-3.4913750227103453,-3.493648432873314
154,-2.3021945919299123,-4.837798240602093,-4.831486892317184,-4.839149507396013,-4.961353555916601,-4.886613947570005
155,0.0,0.0,0.0,0.0,0.0,0.0
156,0.9907793589793539,-1.2271522341989776,-1.2318117518511198,-1.232404918812194,-1.2966568500738216,-1.2992202859285127
157,-0.29962214143975147,-0.2960417596488081,-0.06307712204889698,-0.2995654057260924,-0.299970001,-0.299970001
158,1.181032111980558,-1.3800624583359404,-1.3761753182844445,-1.370568373036789,-1.3980008377787163,-1.4970581748320624
159,0.747934545753725,-0.48649772086089726,-0.48005527783399704,-0.48882584028314546,-0.4999000099995,-0.4999000099995
160,0.0,0.0,0.0,0.0,0.0,0.0
161,-4.891580088300944,-6.380469024149179,-6.377609399031993,-6.37708683014628,-6.379027057749248,-6.3771202297723155
162,-0.395207880142537,-4.348860791653346,-4.342435877522877,-4.334596540690386,-4.386388091494793,-4.388864024302584
163,-4.3417986067438665,-5.815618518780406,-5.830492908176629,-5.812201951808258,-5.880873318294195,-5.8811154221685085
164,-4.164220686036015,-4.159608289525623,7.075197245949422,-4.166413145135186,-4.260211917372944,-4.208221545507297
165,0.0,0.0,0.0,0.0,0.0,0.0
166,-4.342169072149203,-4.234137389908444,6.995470327314524,-4.328389622476291,-4.387104765418504,-4.371336202517714
167,-2.698019323127341,-2.645887502074851,10.624375490311905,-2.600475166256424,-2.7897389092535554,-2.7924089134723658
168,-0.22364844569995268,-4.850546362318627,-4.8576317875019335,-4.843288172327642,-4.88604294082453,-4.885418507609768
169,-4.899697037539523,-7.064260678527326,-7.070442291132496,-7.066327639478995,-7.258375091199582,-7.067293103434585
170,0.0,0.0,0.0,0.0,0.0,0.0
171,-3.717196234868931,-6.4425649924633355,-6.459826249339366,-6.43888449859811,-6.471762522120213,-6.548554796770012
172,3.0854864155787185,-4.4930247920028545,-4.4975579667826056,-4.489014780871747,-4.4892270977379045,-4.489329415725065
173,5.3971229384659365,-3.240622606842572,-3.2363575909093805,-3.2363352248426507,-3.293556842179566,-3.2820189232412282
174,3.4756820873869514,-4.616415791724246,-4.604021110112924,-4.602313764979758,-4.687752421466232,-4.686803725785338
175,0.0,0.0,0.0,0.0,0.0,0.0
176,12.977544978588433,-1.0648829908795903,-1.5393874030017527,-1.51298081347862,-1.5932041555843184,-1.553459672162249
177,-0.1147844251025482,-0.10882201048984154,4.374383695219903,-0.122312728800704,-0.19999,-0.19999
178,12.977535187059566,-1.430896804860682,-1.6754893808513047,-1.5961465723989867,-1.8488028236022374,-1.6164186597882244
179,16.43587404303054,-0.441338400488258,0.10246342672368036,-0.449993298211725,-0.35507110034017914,-0.1921469138712173
180,0.0,0.0,0.0,0.0,0.0,0.0
181,-6.591195235523344,-6.598251889346418,-6.592559324906118,-6.550750724699958,-6.675259287164865,-6.676963391532184
182,-4.545433001807803,-4.552830447377869,-4.5532160796010555,-4.306105464184003,-4.6807755825990185,-4.579550794169681
183,-6.038643832509049,-6.044139754063025,-6.040097384515706,-6.022004959107994,-6.079767162352797,-6.0802254720473305
184,-3.807589893741181,8.436695964308445,-3.572377312669135,-3.727577303209036,-4.000307561978292,-3.7588086829244167
185,0.0,0.0,0.0,0.0,0.0,0.0
186,-3.9239221693254085,8.423517664556302,-3.9186265214079996,-3.874846630103726,-3.9810296992058274,-4.00099135744362
187,-2.267141796018912,11.82866066393834,-2.29349289239669,-2.267057929585247,-2.395234721217285,-2.3417587337514973
188,-5.060800374494241,-5.06703234609882,-5.067357383639773,-4.666594407491784,-5.176522978173858,-5.065279458997594
189,-7.3008902256232036,-7.303037686106121,-7.308967750318921,-7.159382192572902,-7.36825354435226,-7.370815289459143
190,0.0,0.0,0.0,0.0,0.0,0.0
191,-6.652905678783567,-6.656144772275248,-6.6581607986643325,-6.482193869574992,-6.663559091010265,-6.672404751689067
192,-4.506186842692386,-4.522889616082465,-4.5055671054227915,-2.9338728932665665,-4.582812365454284,-4.588231315970154
193,-3.2321945403834524,-3.2410773016241623,-3.236462249331481,-1.2176209673619147,-3.294036466090412,-3.391846628467789
194,-4.619046849231697,-4.624644169714387,-4.619582578367312,-2.480448843386258,-4.784401928674085,-4.687735799772773
195,0.0,0.0,0.0,0.0,0.0,0.0
196,-1.8519391469795907,-1.8489873752970611,-1.8526427659461864,-1.1154505010247213,-1.8982909686125162,-1.8949080123783906
197,0.42835369118146194,18.79999999999969,1.6444694011394707,0.028683972484773335,0.6648579827284526,0.06596581622247515
198,-2.008184521557802,-2.007940065942223,-2.0095249877181414,-1.0180503780182735,-2.0900428383896874,-2.0958220537603913
199,-0.5724198158237359,-0.21243564848893512,0.13674629043214512,15.2714301258707,-0.48520944008946687,-0.47971369917875334
200,0.0,0.0,0.0,0.0,0.0,0.0
201,-4.565060482962834,3.3578645967740877,-4.5622530926599625,-4.572039612661821,-4.680252844899614,-4.6887130088634565
202,-2.589150485906049,6.609526317539458,-2.473911065400851,-2.5431923291686735,-2.5868511514223265,-2.681702841151879
203,-3.95885515657671,3.932221838337897,-3.9634813676941145,-3.9596132528476087,-3.991700810091524,-3.991955779274954
204,-6.239450133064103,-6.246687799596266,-4.913099147836812,-6.2462113625887214,-6.264090259990075,-6.371125492280714
205,0.0,0.0,0.0,0.0,0.0,0.0
206,-6.498570355198974,-6.489561828747794,-5.579641959554941,-6.490038407169295,-6.666966714348608,-6.673958742026406
207,-4.7555801057587646,-4.7623521873853125,-1.8644700969450114,-4.753462587567992,-4.872316424277459,-4.880368935233351
208,11.827550459517285,-2.907156444465511,-2.829005873644008,-2.633010451781268,-3.041674858437207,-3.0639095517906108
209,7.286508217372796,-5.138029211575211,-5.102841945105891,-4.940905185001774,-5.202055823054213,-5.1360903442286086
210,0.0,0.0,0.0,0.0,0.0,0.0
211,8.428534433402566,-4.493490455323819,-4.531398267176124,-4.31833157078947,-4.581157632786356,-4.735123006035436
212,-5.63777681730663,-5.635678338517497,-3.158696988699769,-5.635115617764925,-5.681216021607256,-5.683573942713612
213,-4.4513227026702085,-4.450904646614604,1.2110337909288151,-4.448236737759935,-4.489276091712116,-4.487250700273148
214,-5.780484635607994,-5.770165466868724,-1.6830284895335366,-5.776384574048263,-5.778185314904897,-5.780166111471198
215,0.0,0.0,0.0,0.0,0.0,0.0
216,0.2357503861171858,17.611999999999547,1.0714449907287305,0.9116851217644204,-0.22172949919900453,0.007507432015923091
217,-1.4301399892070474,-1.4702724162225416,12.977617902081843,-0.7597828301197205,-1.850170187374879,-1.8205148730517005
218,17.611999999999547,0.5074212111789492,0.705321284754138,0.9851815256399885,0.1873490968866984,-0.03303095218113715
219,-0.6984219393138718,-0.90456910605586,14.118805984849342,-0.7892167893161113,-1.241503079158099,-1.3315138324260054
220,0.0,0.0,0.0,0.0,0.0,0.0
221,-5.026879807290632,5.610734871833609,-5.0203780167918755,-4.996141155416068,-5.1279595584258395,-5.083448341260408
222,-3.008405365589916,10.530552340554001,-3.0196445878038327,-2.884872744697116,-3.1867564022637374,-3.093199771411873
223,-4.409025148487395,7.035225867973529,-4.350339780327283,-4.436776851741813,-4.49537658494181,-4.6575085578413065
224,-5.807136960345519,-5.803984539456909,-0.9774398399808989,-5.804644749081384,-5.959589821644742,-5.8626463906785
225,0.0,0.0,0.0,0.0,0.0,0.0
226,-6.0256326630929555,-6.050701290616005,-1.715728376846979,-6.0201038320535725,-6.0763088578093125,-6.269781799432212
227,-4.311529525700288,-4.294200581128344,3.5650772412866876,-4.310965506575193,-4.390042957839835,-4.460058591166793
228,-3.5947385803612826,-3.568561217759938,-3.5692767748818133,10.64498670441005,-3.6735983211912875,-3.760818245712133
229,-5.788973831613911,-5.794795314976331,-5.573187178483305,5.897752208861004,-5.948750695592573,-5.882283410222589
230,0.0,0.0,0.0,0.0,0.0,0.0
231,-5.172764769359718,-5.1664324183163695,-5.118613767296822,7.124085146668115,-5.212472682220908,-5.197589204957114
232,-5.294513710488519,-5.310213121456239,3.53078684910665,-5.292386928807133,-5.382074664879632,-5.50549459178253
233,-4.049934334722649,-4.058972466233677,6.844184881442162,-4.0509947378353095,-4.0909776941082345,-4.091810649880489
234,-5.3905475854753675,-5.3914911498944695,3.7012567275976913,-5.420076173991117,-5.481355390618274,-5.510718778960775
235,0.0,0.0,0.0,0.0,0.0,0.0
236,-0.43272362310050366,-0.30992857254748274,-0.07497307823457414,16.435879999981495,-0.16430486347392387,-0.24577276758221175
237,-1.3229323487305789,-1.281812012034705,14.118805985815525,-0.7704940462156699,-1.181572596166249,-1.2386710945291741
238,-0.6311094316676814,-0.6320377192995122,-0.0010857875471311507,16.435879999979775,-0.5266538603100329,-0.3968756182473102
239,-0.8947075230578215,-0.8670989594777847,15.271521199775822,0.025188856071181098,-0.5218622144537804,-0.7147581828883273
240,0.0,0.0,0.0,0.0,0.0,0.0
241,-5.682628081880491,-5.678319666093858,-5.673779782576921,3.3554622700413743,-5.857322715137468,-5.76623770269745
242,-3.6359916836870787,-3.6685882672600467,-3.671868535354605,8.899958960452052,-3.7812788351257782,-3.6817762622221277
243,-5.1096219233008,-5.150928657360018,-5.107568250346619,5.148687199115678,-5.376103461350607,-5.19969035396751
244,-5.164880967782137,-5.149967791097199,2.651749309280532,-5.182049167485005,-5.272916995944582,-5.262657862180246
245,0.0,0.0,0.0,0.0,0.0,0.0
246,-5.36394445705652,2.080242912516011,-5.3502488950504015,-5.364451286229607,-5.380842356487594,-5.385415801994439
247,-3.664712440183002,6.938128695658326,-3.583564975506668,-3.663176126658263,-3.693347763399856,-3.8562407701905417
248,-4.194592375033248,-4.171010594859382,-4.097631226246119,9.213404742856675,-4.3868808177468885,-4.29253201098542
249,-6.379436575704367,-6.385673590482232,-6.382744978989846,3.915249691147684,-6.473294436618778,-6.670519724310411
250,0.0,0.0,0.0,0.0,0.0,0.0
251,-5.773198032261737,-5.78057586493799,-5.77635893548243,5.244574960790641,-6.049770872237403,-5.815110105060099
252,-4.769077523468333,-4.77405618837367,6.722723313375982,-4.798850766262784,-4.79801869970286,-4.880395733746442
253,-3.5193364516092784,-3.5096844605638173,9.282650682533198,-3.4421574855961277,-3.592774773755507,-3.5922592827252138
254,-4.891793886528102,-4.8817312220992894,6.738383823526453,-4.850101418017909,-4.881903254964645,-4.884768703412631
255,0.0,0.0,0.0,0.0,0.0,0.0
256,-0.8683428165726138,-0.8431085105390921,-0.19593823967051058,15.271521199535123,-0.7919674988986848,-0.5257289586784508
257,-0.7825117537819299,-0.7498444192147968,15.27152119990359,-0.4370954133192989,-0.45340027409746064,-0.5661185008928254
258,-1.052811684795367,-1.0163638087420983,0.0371558309238863,15.271521199491186,-0.6619188907886382,-0.7923479019173947
259,-0.5166241754362164,-0.48800715438311204,16.435879999991354,-0.03794379009684398,-0.16718815843007573,-0.1680848116318266
260,0.0,0.0,0.0,0.0,0.0,0.0
261,-6.19173895528132,-6.1946941248400424,-6.195605357793305,-0.22745102317889804,-6.457467996730951,-6.340796334088872
262,-4.1915434130812415,-4.192613012492118,-4.203722112582345,6.034187084138724,-4.275130635715227,-4.3623514672698835
263,-5.623797574230524,-5.640724430205352,-5.645203830212785,1.8057825712899223,-5.750002005556346,-5.682240633506666
264,-4.597834246369154,5.274727841774984,-4.552255281836283,-4.5573344653984496,-4.681237891572701,-4.7327808538639955
265,0.0,0.0,0.0,0.0,0.0,0.0
266,-4.775422123428079,-0.2004326620849435,-4.769189691632649,-4.773796757695642,-4.885131974655964,-4.7820566623562994
267,-3.112070887975871,4.9771619282551836,-3.1042498336093196,-3.1185710216662734,-3.193473582830482,-3.195044956406013
268,-4.68991595295068,-4.693828481440293,-4.694905806593308,6.463377531199427,-4.7819735439458535,-4.867406491426725
269,-6.9239542639503995,-6.918365865075929,-6.91492882930738,0.5150688430238408,-7.11092186158174,-7.116866361728394
270,0.0,0.0,0.0,0.0,0.0,0.0
271,-6.281831139606648,-6.282882858611633,-6.280301761088019,1.755810667659546,-6.359114525505887,-6.454505402245776
272,8.370188214319233,-4.173990587800607,-4.199409991273221,-4.0132429349283445,-4.308500523362275,-4.289077411135625
273,10.6692608297193,-2.879466379705222,-2.9050655714914826,-2.9564945092349193,-3.0525106075732,-2.9915921014417926
274,8.377068536068672,-4.237326045730278,-4.312955782084165,-4.096622937607843,-4.3947919325344955,-4.385717925179813
275,0.0,0.0,0.0,0.0,0.0,0.0
276,-0.46906848776237275,-1.087586606000976,-1.3781186865670594,14.118805981945806,-1.1530161870580162,-1.149942967222626
277,0.3135097001272751,-0.1642343484958118,16.435879999999322,0.15682555907907172,-0.004972564623822326,0.2982372319902495
278,-0.6769142505267803,-0.9652139727368572,-1.525022668400669,14.1188059813077,-1.4064721912222482,-1.2752870072549436
279,17.611999999999547,0.23048763265551625,-0.21729181273150167,0.548781336852382,-0.07021750615829318,0.15356946055616794
280,0.0,0.0,0.0,0.0,0.0,0.0
281,-6.480559678041498,-6.479541300857404,-6.480559055185434,-5.8780323927616775,-6.477143782847762,-6.577741530123964
282,-4.471982653378472,-4.463863236783468,-4.4670915044153965,-2.606841271667791,-4.489074252203215,-4.5836800279317025
283,-5.925725204272498,-5.9291526359495075,-5.92710915511763,-4.695181384181265,-5.977206447491147,-6.075675697192073
284,-4.27332760701392,2.7370780078429897,-4.255344276156931,-4.30395087263853,-4.361942008538365,-4.277180245294962
285,0.0,0.0,0.0,0.0,0.0,0.0
286,-4.447725454045669,3.162576833345296,-4.449541143473759,-4.452969603900814,-4.567757565307792,-4.515168848305307
287,-2.81333236537649,6.279607842933596,-2.8150485565771737,-2.8031208188153953,-2.8939104266427793,-2.8946851773578044
288,-4.973937188399539,-4.972901820246696,-4.971734993852796,-3.247087120564895,-5.077440447791916,-4.971341664258953
289,-7.211249792507538,-7.2101358650724645,-7.207207901530616,-5.163487058803439,-7.26073280817364,-7.272959216555126
290,0.0,0.0,0.0,0.0,0.0,0.0
291,-6.5570200137451975,-6.552867061173755,-6.554274604675877,-5.3117071890799865,-6.5726327470556924,-6.738366352195479
292,-4.196729784320618,-4.209782885153886,-4.199300778257146,-1.1100098656577715,-4.28956791624527,-4.28653168489493
293,-2.9240880918091614,-2.930206880409639,-2.9263925140649683,0.5094470835878451,-2.994832419220324,-2.993857820700533
294,-4.317880046721528,-4.323267753612164,-4.323838520953536,-1.6806750561061707,-4.38698605675332,-4.380672327091748
295,0.0,0.0,0.0,0.0,0.0,0.0
296,-1.6229187588709204,-1.623269088352305,-1.6266738916828352,-0.3320926422082153,-1.6974874468736543,-1.6968135323491311
297,-0.0634957929498685,17.611999999999547,1.2478081042495726,0.9364315630305317,0.44438608604349267,0.11953447917836374
298,-1.778588429087092,-1.7768575858692772,-1.7740628765550812,-1.2131329227910739,-1.797783928073815,-1.79748239850664
299,-0.27280116729777626,-0.2674268091807061,-0.2696492923245807,1.4797948506126108,-0.2989801,-0.3991160141767626
300,0.0,0.0,0.0,0.0,0.0,0.0
301,-4.814616153373059,-2.3475864749960222,-4.82004798327197,-4.820063568231621,-4.885792887582514,-4.983462708149182
302,-2.763099235274679,-0.29825186379090063,-2.7608182755779884,-2.7611663306514913,-2.793184444420228,-2.7872217222898086
303,-4.172647304511261,-2.0249631023572663,-4.170620423465782,-4.17055489113595,-4.186764653825532,-4.278168938475315
304,-6.592426429289748,-6.539800485638297,-6.592031925054889,-6.59285639667002,-6.659878082382184,-6.673403824320091
305,0.0,0.0,0.0,0.0,0.0,0.0
306,-6.861718852917371,-6.8505927042592445,-6.862916540098736,-6.863378246999978,-6.866586545958172,-7.069185584530808
307,-5.1346520937649345,-4.913359185155203,-5.124173219123137,-5.124272958534481,-5.183265766002968,-5.284886703480687
308,12.973282944080594,-2.0327934851546514,-1.897654094207057,-2.2442874863891853,-2.2923596372931425,-2.336397608109547
309,8.479224957125673,-4.180723799245091,-4.293993310393831,-4.313548496966309,-4.575338954515251,-4.498905069276392
310,0.0,0.0,0.0,0.0,0.0,0.0
311,9.594892632748257,-3.5709402973700124,-3.560020268429728,-3.429393452906207,-3.9882632001964065,-3.8432878150422582
312,-5.9090856449083295,-5.736094771089964,-5.898885924711307,-5.899131013641452,-5.979408646310035,-5.975763867280195
313,-4.78293936219085,-3.6545092034850817,-4.772547834446112,-4.772508913198858,-4.7874552636488374,-4.78783077326579
314,-6.143134310020849,-5.522713820889702,-6.143419045836461,-6.143121244431121,-6.176149842729525,-6.175943866357367
315,0.0,0.0,0.0,0.0,0.0,0.0
316,-0.30994586986747513,16.435873927694505,-0.35082733776386077,0.019174214100041664,-0.467204758512143,-0.5311363976615354
317,-2.1251156955853574,11.847666030931853,-2.2500688158568454,-1.621749252721784,-2.314583270445951,-2.3963414382046864
318,18.79999999999969,0.9450191374150085,1.4569206853791532,1.2639969446751897,0.23254425339295542,0.5575800600566813
319,-1.8328029377374402,12.977543212059858,-1.701673020929024,-1.6961950768510292,-1.8982909686125162,-1.8506340811551476
320,0.0,0.0,0.0,0.0,0.0,0.0
321,-5.434419012087947,-1.700642946524857,-5.441859058146179,-5.454881908450474,-5.479138084133181,-5.483931482912676
322,-3.442006370357711,2.454807818568588,-3.4327759166195166,-3.429522579639479,-3.680302474436282,-3.4778685205787068
323,-4.8820097405514336,-0.2264855561157287,-4.886385797318146,-4.877245304554975,-4.887264947327325,-4.8846014226502
324,-5.862160912923452,-5.4137081990739455,-5.858844122147504,-5.861471348914012,-5.95164636734321,-5.950709161244196
325,0.0,0.0,0.0,0.0,0.0,0.0
326,-6.054777416614714,-5.758403071428712,-6.049037769346414,-6.049498940262241,-6.065682730324526,-6.074175005865511
327,-4.3138026519496036,-2.9383400411296066,-4.317567933351478,-4.314135131953801,-4.3882166200348145,-4.488271068522515
328,-3.967347986790976,2.721602017346956,-3.965523431539154,-3.96898063085098,-4.064247916209899,-4.058757056009593
329,-6.140478133363519,-1.8387217944464158,-6.137660627531736,-6.143499339657191,-6.168748368122697,-6.1692276870481555
330,0.0,0.0,0.0,0.0,0.0,0.0
331,-5.555660133915461,-1.1786292386472503,-5.562772796235081,-5.566111779319997,-5.574570095501237,-5.581121630159457
332,-5.352325948487563,-3.7452434212408017,-5.349067899996241,-5.368387050334561,-5.383811938062253,-5.3819802198535
333,-4.060217432777433,-0.9366494105154708,-4.058562742296592,-4.06502153817452,-4.088000660376179,-4.082341264116798
334,-5.433145985755947,-3.544708930341328,-5.425579377098821,-5.427235097321097,-5.474498415510531,-5.479084251619274
335,0.0,0.0,0.0,0.0,0.0,0.0
336,-0.5517132067495361,0.23287529329878284,-0.553486294110875,-0.5485176200929259,-0.5970878578129132,-0.5933038492131089
337,-1.1013433528363055,-0.6714014404510801,-1.1031405856668195,-1.1038525904643144,-1.0993235379815554,-1.0994501649670045
338,-0.7450908240048775,0.5217606332887217,-0.7410890259359325,-0.7471437040690022,-0.7997200559930004,-0.798772919067863
339,-0.7151401868647279,0.39438557309244066,-0.7209145611965831,-0.717359464830187,-0.7988295904593685,-0.7988295904593685
340,0.0,0.0,0.0,0.0,0.0,0.0
341,-5.663257542940013,-4.19793660900873,-5.666756691038637,-5.662033053332586,-5.680486516751179,-5.682225365073719
342,-3.624410859463344,0.6063895631374624,-3.6225369101558176,-3.617939747905962,-3.690005036523804,-3.689348293425074
343,-5.086373195733273,-2.4766928746634376,-5.086259802179857,-5.084344562408119,-5.084883251062281,-5.086408783365404
344,-5.625144990698802,-3.554127626100852,-5.615513898647089,-5.611053162836869,-5.66937418898121,-5.67151439553767
345,0.0,0.0,0.0,0.0,0.0,0.0
346,-5.820987856506512,-3.882769638891378,-5.823735936289258,-5.8167365742830395,-5.8794285793362935,-5.87720049376713
347,-4.090922579884617,-1.080458366133993,-4.0841454130979855,-4.106320072214545,-4.185430363624664,-4.091012705173159
348,-4.174084190215462,1.039788285658772,-4.170267582333683,-4.172954184020617,-4.172412925526326,-4.185626595029321
349,-6.343237874374334,-4.464159003037768,-6.340077965844235,-6.323088675907264,-6.375450718457124,-6.376472337747829
350,0.0,0.0,0.0,0.0,0.0,0.0
351,-5.7603142079106595,-3.306715912239364,-5.757781054773383,-5.732315236747647,-5.87938496678662,-5.780682398908727
352,-5.159129066114977,-0.9903425819660041,-5.155795033268719,-5.1644525137901836,-5.281528772244384,-5.282392289041153
353,-3.8817778952978825,0.9847799701492818,-3.882711969724842,-3.8770216372028927,-3.886439083411701,-3.888789297094674
354,-5.248063913122827,-0.8339795138554937,-5.246508547124128,-5.249452767442203,-5.275930236611549,-5.281631910725583
355,0.0,0.0,0.0,0.0,0.0,0.0
356,-0.6858202810299261,0.047806689455215365,-0.6777270034665632,-0.6799352924042846,-0.6941876121596527,-0.6997900349965002
357,-0.947729397194927,-0.1362118243928682,-0.9455488097224033,-0.9394209953130461,-0.9983761702809645,-0.9995501199790023
358,-0.8733520966218243,-0.5659444214767193,-0.8662695772779492,-0.8698254829446689,-0.8996400839874011,-0.8982526233395538
359,-0.610764060483021,0.16870319956034158,-0.6080751761967171,-0.6052403927375003,-0.6997900349965002,-0.6996861222380594
360,0.0,0.0,0.0,0.0,0.0,0.0
361,-6.525262097907462,-5.0644885805744755,-6.531374129154877,-6.527489407415961,-6.577658206092084,-6.577481335988755
362,-4.537019473228052,-0.3074483830287472,-4.5591173636319615,-4.5436299904960755,-4.663109739944505,-4.589665163695199
363,-5.9842919364185745,-3.1788791261446785,-5.990045145364727,-5.992920599713729,-6.079300412641958,-6.163717730386259
364,-4.720428148414568,-1.9347031927840364,-4.724536020234965,-4.724689099784289,-4.8565586284288855,-4.781414581398937
365,0.0,0.0,0.0,0.0,0.0,0.0
366,-4.945357502048525,-4.237930847530197,-4.943013788934658,-4.946254011184345,-4.985021113570405,-4.9836879305359805
367,-3.2699613508131344,-1.1383759423915478,-3.2634069072565834,-3.2655781602634746,-3.375218668784594,-3.291970737875571
368,-5.033331818801506,0.24435584591875575,-5.032433886228969,-5.029309726923256,-5.08194952033951,-5.082932139345016
369,-7.242041968291448,-5.628756424691686,-7.261194860677863,-7.244511073994742,-7.269921032388796,-7.268517211092593
370,0.0,0.0,0.0,0.0,0.0,0.0
371,-6.581146977784045,-4.346181384949007,-6.582205763061165,-6.583365111299738,-6.661983558395028,-6.6591288475530686
372,9.582718153596076,-3.5992748552514535,-3.582532462057265,-3.339971005386211,-3.72609137478351,-3.591075321763244
373,11.835782102799152,-2.367683788221861,-2.3679926825481354,-2.102154697687246,-2.357912275831105,-2.4053252844208495
374,9.585449691800356,-3.49780449026943,-3.707946580995221,-3.6041170653790036,-3.8644391797572393,-3.801221364306532
375,0.0,0.0,0.0,0.0,0.0,0.0
376,-1.5937583581663641,12.977505830069083,-1.7857857009086495,-1.76376109910711,-1.785754731994526,-1.678758770087462
377,-0.07970220813517953,15.27150158805702,-0.5399624916550441,-0.1960838907689549,-0.6397796644199104,-0.596253673889065
378,-1.7324719471047605,12.977508216233296,-1.8932700408632663,-1.6176242967032768,-1.8131642234885375,-1.8586770667043575
379,18.79999999999969,1.9679481076868897,-0.05566559621332337,0.6125542247416131,0.48160375719633414,0.39923599883770217
380,0.0,0.0,0.0,0.0,0.0,0.0
381,-6.706870246408177,-6.700039295301589,-6.7139423320131515,-6.671444534743455,-6.773971230992961,-6.775351360203505
382,-4.704441967445897,-4.697618493085432,-4.705770567343938,-4.203653092956212,-4.774771661107199,-4.784676508870367
383,-6.169736794000053,-6.163154227143048,-6.171653619289566,-5.9835819441160325,-6.175596950530471,-6.1783307221195045
384,-4.60642898094158,-2.606997672829607,-4.591347622122338,-4.600506905803801,-4.683354380198695,-4.5864463866962035
385,0.0,0.0,0.0,0.0,0.0,0.0
386,-4.805897659054021,-2.6162127047413763,-4.799473393962053,-4.809694219666089,-4.88503321573808,-4.887039619550477
387,-3.122061054439348,-0.2552269450222144,-3.120317415610777,-3.124911266067309,-3.19405792210353,-3.194952187815219
388,-5.180642831509753,-5.17966719004112,-5.180855116602803,-4.492467475309388,-5.276918819561471,-5.371290630183456
389,-7.4059109241222965,-7.2758679612770045,-7.411229622456413,-7.403183854146796,-7.467971478074029,-7.5667967901054825
390,0.0,0.0,0.0,0.0,0.0,0.0
391,-6.751110147687096,-6.743975102760057,-6.750598579511967,-6.659855282795872,-6.773923204742747,-6.749705225543818
392,-3.7759386185002533,-3.7757514186934977,-3.7769830093526537,0.00480936563157755,-3.7919919863935796,-3.7857363867283222
393,-2.5440187506285707,-2.5407678224972283,-2.5469988642238084,1.639486097201545,-2.6947840883667076,-2.5967525985056574
394,-3.885643790289326,-3.897064197638775,-3.8922237658993,-0.20689608485576866,-3.9826533106518243,-3.9826062160317033
395,0.0,0.0,0.0,0.0,0.0,0.0
396,-1.8352876124379374,-1.8306167209414295,-1.8330787865761613,-1.4313451614500776,-1.8959228199719562,-1.8982909686125162
397,-0.42099054682566767,3.4603975474508037,-0.4290982328668619,-0.4300460937679653,-0.49891634498084064,-0.598564025494764
398,-1.9649052109895624,-1.9707735965149398,-1.970305030682697,-1.9689341510115441,-1.994658296051834,-1.9969622706178993
399,-0.08634486253308533,-0.08368811540839831,-0.08996400839874014,1.3890529285094477,-0.199,-0.3940399
400,0.0,0.0,0.0,0.0,0.0,0.0
401,-4.990955209428999,-4.837142932955876,-4.991258745247707,-4.991345900530412,-5.1842154058636085,-5.085539865736823
402,-2.9940227774995365,-2.8619921187930295,-2.9943081076604052,-2.9944032113731454,-2.993649348902174,-2.988684854099313
403,-4.419556237470285,-4.32645612888895,-4.419415857035523,-4.419428012561193,-4.488268454746305,-4.486175855103675
404,-6.815566129370662,-6.816024396338862,-6.816242922570472,-6.816849202593167,-6.817600390667343,-6.870730133163352
405,0.0,0.0,0.0,0.0,0.0,0.0
406,-7.0586466926802744,-7.065746432833165,-7.067638021108554,-7.058666400628145,-7.073228793460812,-7.157635812793309
407,-5.427068502747167,-5.42854856549226,-5.427437612447204,-5.427430321962772,-5.481621102896758,-5.483008256091821
408,-1.0697046717297003,-1.4887323760754152,-1.2801241118863564,-1.4872310020866315,14.118080729059335,-1.608075681704874
409,-3.6796935145604146,-3.576825728925098,-3.680277583276339,-3.265022830689158,9.611022370800118,-3.7652978893185463
410,0.0,0.0,0.0,0.0,0.0,0.0
411,-3.110668008790172,-3.0957613055913846,-2.8488514999736587,-2.8216930943036336,10.723608093001706,-3.152819310803027
412,-6.162244933606577,-6.16436538076981,-6.162085850364096,-6.1622707662537435,-6.17768827439543,-6.1792844109115705
413,-5.019764520911854,-5.009412476774995,-5.019534228946694,-5.01979029688222,-5.087172572696919,-5.0847472654448715
414,-6.452613966835245,-6.444773675571826,-6.452453903752732,-6.45215631973802,-6.47322472317628,-6.477807929086669
415,0.0,0.0,0.0,0.0,0.0,0.0
416,-0.5462601972494878,15.271427814804673,-0.9950661308629178,-0.6943116911042589,-0.9358086095741733,-0.73818541779754
417,-2.992621738045036,10.727420526930699,-2.853817948729849,-2.753038950063858,-3.090947692140977,-2.975740081992703
418,0.7311890517940606,0.9395820233143484,2.6216015040890213,1.5692178070973726,1.0256826726023016,19.999999999999737
419,-2.291487817696026,11.846922491271835,-2.3076614708634193,-1.8615608068757807,-2.496591365336081,-2.379949322221633
420,0.0,0.0,0.0,0.0,0.0,0.0
421,-5.710681304080103,-5.330269066480349,-5.714112586943035,-5.720102287066839,-5.782742328097491,-5.781760146207192
422,-3.689511673695281,-2.9463288139487434,-3.680475559461805,-3.680636271871089,-3.691288707604185,-3.6916242951967737
423,-5.11478509251765,-4.55462921907979,-5.111653368232977,-5.113430754639137,-5.186762072953469,-5.185344873723107
424,-5.964893626028378,-5.968165209525561,-5.967472324465272,-5.964502376449826,-6.054514731767089,-6.050341517532126
425,0.0,0.0,0.0,0.0,0.0,0.0
426,-6.217697784698942,-6.213764309496721,-6.216756815861631,-6.209073509172526,-6.376673309969416,-6.2710720692536235
427,-4.448002294958556,-4.4208860017193174,-4.434322182257885,-4.4386925008987905,-4.487702389781066,-4.586492605499384
428,-4.199220888671699,-3.3252360894694037,-4.200687276389614,-4.198637284299781,-4.280163545120033,-4.359327154017146
429,-6.3963422649751855,-5.960477198368309,-6.390636925019967,-6.404607477714509,-6.460479230548464,-6.47708727672219
430,0.0,0.0,0.0,0.0,0.0,0.0
431,-5.786084796287186,-5.518603229858209,-5.790554184562051,-5.785593207601286,-5.875724530038419,-5.874909661171859
432,-5.511990291175313,-5.497240613123001,-5.509909580424444,-5.5124123032095005,-5.584205806193871,-5.5798400358210145
433,-4.227885692487324,-4.039489799555979,-4.2232035210627235,-4.228224186454574,-4.290981285778941,-4.287749558200436
434,-5.5687574896085055,-5.515215694850287,-5.571251654151398,-5.568924422256027,-5.673355872009325,-5.567225677858683
435,0.0,0.0,0.0,0.0,0.0,0.0
436,-0.5783500813618782,-0.5821631029120139,-0.5870157856119421,-0.5783500813618782,-0.5998500199985001,-0.5900504910499
437,-1.044522659633843,-1.0509794312848977,-1.0477625665629648,-1.044558698294099,-1.0994501649670045,-1.0994501649670045
438,-0.7768178144534663,-0.7733515012407539,-0.7697642477166626,-0.7770036205804536,-0.7997200559930004,-0.7997200559930004
439,-0.6677937828448477,-0.6769564684066647,-0.6696119446562283,-0.6677937828448477,-0.6997900349965002,-0.6988994804074092
440,0.0,0.0,0.0,0.0,0.0,0.0
441,-5.833222870236953,-5.80969137892726,-5.832978948451514,-5.8285390503482715,-5.881854729574143,-5.880087722628962
442,-3.767342639607332,-3.454056762304319,-3.7657326019744457,-3.7669868330745806,-3.7761954854068915,-3.787328638730659
443,-5.247389677431939,-5.151707388477123,-5.247289849828733,-5.250051681089254,-5.2862433967461735,-5.381407551868979
444,-5.860490695088222,-5.7638895154990015,-5.8691174938623805,-5.863944079442718,-5.956951151983912,-5.878391395156529
445,0.0,0.0,0.0,0.0,0.0,0.0
446,-6.105746502256329,-6.023168131572089,-6.105553479102365,-6.107018538945806,-6.176665061527029,-6.171399761587913
447,-4.332077912597434,-4.117384366002869,-4.323671077956213,-4.323330854990744,-4.385700343835989,-4.389164084976209
448,-4.323684050982573,-3.7818765159740693,-4.323579641635354,-4.328543957036026,-4.3684701200822875,-4.383853598556745
449,-6.507730244882344,-6.457831481324996,-6.499429856465904,-6.5020923057540685,-6.577135959965195,-6.565189950733352
450,0.0,0.0,0.0,0.0,0.0,0.0
451,-5.908409565401757,-5.863221438107926,-5.90755019236391,-5.901050340614842,-5.968119124390068,-5.974571906705528
452,-5.39868473597167,-4.959922030414309,-5.398969105486827,-5.393133297018546,-5.481779684944348,-5.483292383567948
453,-4.103442840770058,-3.588366991913248,-4.1035377762397,-4.108356610559767,-4.189926812132928,-4.191401468815501
454,-5.46484672754466,-5.110061628318685,-5.455654826526206,-5.4605375101505516,-5.47730830668956,-5.46156641774397
455,0.0,0.0,0.0,0.0,0.0,0.0
456,-0.6278634069755326,-0.6356875484696503,-0.6279341475898136,-0.6283811732651883,-0.6997900349965002,-0.6997900349965002
457,-0.9950661308629178,-0.9899154645703415,-0.9950211530963857,-0.9987871140830598,-0.9995501199790023,-0.9995501199790023
458,-0.8067646446097393,-0.8129144748268476,-0.8052523589737856,-0.8129072484152081,-0.8966357152223436,-0.8942375444646641
459,-0.6280509651503721,-0.6341287854458587,-0.627994775083138,-0.6353172650497941,-0.6997900349965002,-0.6997900349965002
460,0.0,0.0,0.0,0.0,0.0,0.0
461,-6.779310692144814,-6.74762583811467,-6.77650250950932,-6.779538436775973,-6.869558831752016,-6.870236216080337
462,-4.808894026012984,-4.376341181479638,-4.798935716696085,-4.800559839471702,-4.883537199773605,-4.884957333154891
463,-6.227374328391729,-5.988635449630724,-6.234629602161136,-6.227853056396076,-6.278644461507055,-6.277432708450208
464,-4.886526965494028,-4.716015032532508,-4.8881110646303965,-4.886678413733664,-4.8874648724215595,-4.886925033452615
465,0.0,0.0,0.0,0.0,0.0,0.0
466,-5.16215617162866,-5.160473321331577,-5.1616812545023105,-5.162037665655749,-5.179462231356886,-5.18335387901783
467,-3.487897897554691,-3.3810542880847296,-3.4898147607393244,-3.487897897554691,-3.4926510924136682,-3.4932395639901417
468,-5.285208766829056,-4.624396060293631,-5.290184060039284,-5.285277738202021,-5.36628561334319,-5.283407304553821
469,-7.485038423000872,-7.422638812170395,-7.485968119652772,-7.485416113488279,-7.569890317470707,-7.56774686501468
470,0.0,0.0,0.0,0.0,0.0,0.0
471,-6.83521085158041,-6.7644455334494475,-6.835390288737936,-6.834295852964244,-6.972002319028482,-6.847637671374075
472,-2.866234945344248,-2.8715703716538585,-2.9748699220829717,-2.984538237242846,10.721090388954732,-2.912667471327018
473,-1.638171136811698,-1.6974295171926004,-1.7505817839397673,-1.3550040676342505,12.975673663355277,-1.7122592034978874
474,-3.1199198464956783,-2.9968240999637437,-3.1152819112039944,-2.968527421792264,10.721642729219756,-3.1937058730740198
475,0.0,0.0,0.0,0.0,0.0,0.0
476,-2.036380368918081,11.846471292861219,-2.2924387613667023,-1.9000516465553516,-2.2949089500408553,-2.1401844441257922
477,-0.7834205315582462,14.118529500481305,-1.1082127894964546,-0.6041210553603245,-1.0475497759462233,-0.7114038079041505
478,-2.2817011270213987,11.84654588718701,-2.429453314957448,-2.213872809153269,-2.4291495070058637,-1.9920537907584064
479,1.2586228253772207,2.576325584420818,-0.031175865900535636,0.6415981579702069,0.6521300144860729,19.999999999999737
480,0.0,0.0,0.0,0.0,0.0,0.0
481,-6.872675934115511,-6.874762680941975,-6.872500391642106,-6.874623786160629,-6.8754311919405815,-6.876277456106295
482,-4.905641857363319,-4.907773186607786,-4.905549567869002,-4.908565734000895,-4.978563676089285,-4.97173782392172
483,-6.377674891131624,-6.3737332989339945,-6.377304727919826,-6.374451133179654,-6.376881795590397,-6.3783681337051465
484,-4.857827138020374,-4.779367592286032,-4.858054389919041,-4.857341657937449,-4.885829308213043,-4.887019693594531
485,0.0,0.0,0.0,0.0,0.0,0.0
486,-5.057225473750122,-4.9603901694689245,-5.048274907431503,-5.048382071720625,-5.081195652791219,-5.0798193375893606
487,-3.3913326925565235,-3.1813742448959337,-3.3913242263460384,-3.396848487652761,-3.3935194357661342,-3.588424694509888
488,-5.426842891162868,-5.425296226274435,-5.42630111217282,-5.4253492617508465,-5.552347151881805,-5.480254134805907
489,-7.586520964567563,-7.589022729293295,-7.586785772697843,-7.590604933907604,-7.66659625131398,-7.666909753422784
490,0.0,0.0,0.0,0.0,0.0,0.0
491,-6.956162822801615,-6.9544265852576235,-6.955636341480658,-6.957308203280533,-6.95643886435306,-6.949394930906648
492,-3.3905783329618884,-3.386081671868893,-3.3861109493690185,0.32228188703736704,-3.3889780777250333,-3.3887015758278216
493,-2.1662800602128267,-2.1682184415957426,-2.166300738493806,3.047826264064087,-2.197490459587578,-2.1972860051331633
494,-3.506938791436924,-3.4960141631113357,-3.5167322831542114,0.41533348536531667,-3.5838543603348905,-3.5904928762608486
495,0.0,0.0,0.0,0.0,0.0,0.0
496,-2.0782063678463785,-2.0824885660077856,-2.078048804884819,-2.0751684611085133,-2.0944993703903663,-2.097280070006773
497,-0.727314177959967,-0.622606137973433,-0.7273572664313989,-0.7254677564650989,-0.7997200559930004,-0.7978494462418505
498,-2.2149132572496018,-2.2105130478471047,-2.215165252304535,-2.0800294030295725,-2.295353801809672,-2.2947981080603683
499,-0.02989801,-0.03049180213464654,-0.019999000000000003,1.516632761315169,-0.1,-0.1
